directory,recursive_entries_0.8.0,recursive_entries_v0.9.0,coverage
.,3467,4125,מלאי מבני; ניתוח משמעות לפי קבוצת הרכיב
.github,41,52,מלאי מבני; ניתוח משמעות לפי קבוצת הרכיב
.github/ISSUE_TEMPLATE,3,3,מלאי מבני; ניתוח משמעות לפי קבוצת הרכיב
.github/actions,0,1,מלאי מבני; ניתוח משמעות לפי קבוצת הרכיב
.github/actions/build-ifcwrap-python,0,1,מלאי מבני; ניתוח משמעות לפי קבוצת הרכיב
.github/scripts,0,3,מלאי מבני; ניתוח משמעות לפי קבוצת הרכיב
.github/workflows,36,43,מלאי מבני; ניתוח משמעות לפי קבוצת הרכיב
.vscode,0,2,מלאי מבני; ניתוח משמעות לפי קבוצת הרכיב
aws,3,3,מלאי מבני; ניתוח משמעות לפי קבוצת הרכיב
aws/lambda,3,3,מלאי מבני; ניתוח משמעות לפי קבוצת הרכיב
aws/lambda/example_handler,1,1,מלאי מבני; ניתוח משמעות לפי קבוצת הרכיב
choco,8,8,מלאי מבני; ניתוח משמעות לפי קבוצת הרכיב
choco/bonsai,8,8,מלאי מבני; ניתוח משמעות לפי קבוצת הרכיב
choco/bonsai/tools,5,5,מלאי מבני; ניתוח משמעות לפי קבוצת הרכיב
cmake,11,15,מלאי מבני; ניתוח משמעות לפי קבוצת הרכיב
conda,5,5,מלאי מבני; ניתוח משמעות לפי קבוצת הרכיב
docker,0,8,מלאי מבני; ניתוח משמעות לפי קבוצת הרכיב
docs,7,10,מלאי מבני; ניתוח משמעות לפי קבוצת הרכיב
docs/cpp-api,3,6,מלאי מבני; ניתוח משמעות לפי קבוצת הרכיב
nix,13,12,מלאי מבני; ניתוח משמעות לפי קבוצת הרכיב
nix/patches,12,9,מלאי מבני; ניתוח משמעות לפי קבוצת הרכיב
nix/patches/boost,1,1,מלאי מבני; ניתוח משמעות לפי קבוצת הרכיב
nix/patches/gmp,0,1,מלאי מבני; ניתוח משמעות לפי קבוצת הרכיב
nix/patches/manifold,0,1,מלאי מבני; ניתוח משמעות לפי קבוצת הרכיב
nix/patches/occt,7,3,מלאי מבני; ניתוח משמעות לפי קבוצת הרכיב
nix/patches/opencollada,3,3,מלאי מבני; ניתוח משמעות לפי קבוצת הרכיב
pyodide,6,14,מלאי מבני; ניתוח משמעות לפי קבוצת הרכיב
pyodide/test,1,3,מלאי מבני; ניתוח משמעות לפי קבוצת הרכיב
src,3312,3925,מלאי מבני; ניתוח משמעות לפי קבוצת הרכיב
src/bcf,67,66,מלאי מבני; ניתוח משמעות לפי קבוצת הרכיב
src/bcf/bcf,45,45,מלאי מבני; ניתוח משמעות לפי קבוצת הרכיב
src/bcf/bcf/agnostic,4,4,מלאי מבני; ניתוח משמעות לפי קבוצת הרכיב
src/bcf/bcf/v2,14,14,מלאי מבני; ניתוח משמעות לפי קבוצת הרכיב
src/bcf/bcf/v2/model,6,6,מלאי מבני; ניתוח משמעות לפי קבוצת הרכיב
src/bcf/bcf/v2/xsd,4,4,מלאי מבני; ניתוח משמעות לפי קבוצת הרכיב
src/bcf/bcf/v3,20,20,מלאי מבני; ניתוח משמעות לפי קבוצת הרכיב
src/bcf/bcf/v3/model,7,7,מלאי מבני; ניתוח משמעות לפי קבוצת הרכיב
src/bcf/bcf/v3/xsd,7,7,מלאי מבני; ניתוח משמעות לפי קבוצת הרכיב
src/bcf/tests,12,12,מלאי מבני; ניתוח משמעות לפי קבוצת הרכיב
src/bcf/tests/v2,5,5,מלאי מבני; ניתוח משמעות לפי קבוצת הרכיב
src/bcf/tests/v3,5,5,מלאי מבני; ניתוח משמעות לפי קבוצת הרכיב
src/bonsai,1224,1363,מלאי מבני; ניתוח משמעות לפי קבוצת הרכיב
src/bonsai/bonsai,685,709,מלאי מבני; ניתוח משמעות לפי קבוצת הרכיב
src/bonsai/bonsai/bim,577,591,מלאי מבני; ניתוח משמעות לפי קבוצת הרכיב
src/bonsai/bonsai/bim/data,213,213,מלאי מבני; ניתוח משמעות לפי קבוצת הרכיב
src/bonsai/bonsai/bim/data/assets,8,8,מלאי מבני; ניתוח משמעות לפי קבוצת הרכיב
src/bonsai/bonsai/bim/data/brick,2,2,מלאי מבני; ניתוח משמעות לפי קבוצת הרכיב
src/bonsai/bonsai/bim/data/cache,2,1,מלאי מבני; ניתוח משמעות לפי קבוצת הרכיב
src/bonsai/bonsai/bim/data/classifications,38,38,מלאי מבני; ניתוח משמעות לפי קבוצת הרכיב
src/bonsai/bonsai/bim/data/diagrams,2,2,מלאי מבני; ניתוח משמעות לפי קבוצת הרכיב
src/bonsai/bonsai/bim/data/fonts,1,2,מלאי מבני; ניתוח משמעות לפי קבוצת הרכיב
src/bonsai/bonsai/bim/data/gantt,1,1,מלאי מבני; ניתוח משמעות לפי קבוצת הרכיב
src/bonsai/bonsai/bim/data/icons,101,101,מלאי מבני; ניתוח משמעות לפי קבוצת הרכיב
src/bonsai/bonsai/bim/data/libraries,9,9,מלאי מבני; ניתוח משמעות לפי קבוצת הרכיב
src/bonsai/bonsai/bim/data/mpass,2,2,מלאי מבני; ניתוח משמעות לפי קבוצת הרכיב
src/bonsai/bonsai/bim/data/pset,9,9,מלאי מבני; ניתוח משמעות לפי קבוצת הרכיב
src/bonsai/bonsai/bim/data/schedules,2,2,מלאי מבני; ניתוח משמעות לפי קבוצת הרכיב
src/bonsai/bonsai/bim/data/sheets,2,2,מלאי מבני; ניתוח משמעות לפי קבוצת הרכיב
src/bonsai/bonsai/bim/data/templates,7,7,מלאי מבני; ניתוח משמעות לפי קבוצת הרכיב
src/bonsai/bonsai/bim/data/templates/projects,3,3,מלאי מבני; ניתוח משמעות לפי קבוצת הרכיב
src/bonsai/bonsai/bim/data/templates/titleblocks,4,4,מלאי מבני; ניתוח משמעות לפי קבוצת הרכיב
src/bonsai/bonsai/bim/data/webui,25,25,מלאי מבני; ניתוח משמעות לפי קבוצת הרכיב
src/bonsai/bonsai/bim/data/webui/static,19,19,מלאי מבני; ניתוח משמעות לפי קבוצת הרכיב
src/bonsai/bonsai/bim/data/webui/static/css,13,13,מלאי מבני; ניתוח משמעות לפי קבוצת הרכיב
src/bonsai/bonsai/bim/data/webui/static/css/components,7,7,מלאי מבני; ניתוח משמעות לפי קבוצת הרכיב
src/bonsai/bonsai/bim/data/webui/static/js,6,6,מלאי מבני; ניתוח משמעות לפי קבוצת הרכיב
src/bonsai/bonsai/bim/data/webui/static/js/utilities,1,1,מלאי מבני; ניתוח משמעות לפי קבוצת הרכיב
src/bonsai/bonsai/bim/data/webui/templates,5,5,מלאי מבני; ניתוח משמעות לפי קבוצת הרכיב
src/bonsai/bonsai/bim/module,354,366,מלאי מבני; ניתוח משמעות לפי קבוצת הרכיב
src/bonsai/bonsai/bim/module/aggregate,6,6,מלאי מבני; ניתוח משמעות לפי קבוצת הרכיב
src/bonsai/bonsai/bim/module/alignment,2,2,מלאי מבני; ניתוח משמעות לפי קבוצת הרכיב
src/bonsai/bonsai/bim/module/attribute,5,5,מלאי מבני; ניתוח משמעות לפי קבוצת הרכיב
src/bonsai/bonsai/bim/module/augin,4,4,מלאי מבני; ניתוח משמעות לפי קבוצת הרכיב
src/bonsai/bonsai/bim/module/bcf,5,5,מלאי מבני; ניתוח משמעות לפי קבוצת הרכיב
src/bonsai/bonsai/bim/module/boundary,6,6,מלאי מבני; ניתוח משמעות לפי קבוצת הרכיב
src/bonsai/bonsai/bim/module/brick,5,5,מלאי מבני; ניתוח משמעות לפי קבוצת הרכיב
src/bonsai/bonsai/bim/module/bsdd,5,5,מלאי מבני; ניתוח משמעות לפי קבוצת הרכיב
src/bonsai/bonsai/bim/module/cad,5,5,מלאי מבני; ניתוח משמעות לפי קבוצת הרכיב
src/bonsai/bonsai/bim/module/clash,6,6,מלאי מבני; ניתוח משמעות לפי קבוצת הרכיב
src/bonsai/bonsai/bim/module/classification,5,5,מלאי מבני; ניתוח משמעות לפי קבוצת הרכיב
src/bonsai/bonsai/bim/module/clip_box,0,7,מלאי מבני; ניתוח משמעות לפי קבוצת הרכיב
src/bonsai/bonsai/bim/module/constraint,5,5,מלאי מבני; ניתוח משמעות לפי קבוצת הרכיב
src/bonsai/bonsai/bim/module/context,5,5,מלאי מבני; ניתוח משמעות לפי קבוצת הרכיב
src/bonsai/bonsai/bim/module/cost,5,5,מלאי מבני; ניתוח משמעות לפי קבוצת הרכיב
src/bonsai/bonsai/bim/module/covering,4,4,מלאי מבני; ניתוח משמעות לפי קבוצת הרכיב
src/bonsai/bonsai/bim/module/covetool,5,5,מלאי מבני; ניתוח משמעות לפי קבוצת הרכיב
src/bonsai/bonsai/bim/module/csv,4,4,מלאי מבני; ניתוח משמעות לפי קבוצת הרכיב
src/bonsai/bonsai/bim/module/debug,4,4,מלאי מבני; ניתוח משמעות לפי קבוצת הרכיב
src/bonsai/bonsai/bim/module/demo,5,5,מלאי מבני; ניתוח משמעות לפי קבוצת הרכיב
src/bonsai/bonsai/bim/module/diff,5,5,מלאי מבני; ניתוח משמעות לפי קבוצת הרכיב
src/bonsai/bonsai/bim/module/document,5,5,מלאי מבני; ניתוח משמעות לפי קבוצת הרכיב
src/bonsai/bonsai/bim/module/drawing,16,16,מלאי מבני; ניתוח משמעות לפי קבוצת הרכיב
src/bonsai/bonsai/bim/module/fm,5,5,מלאי מבני; ניתוח משמעות לפי קבוצת הרכיב
src/bonsai/bonsai/bim/module/geometry,7,7,מלאי מבני; ניתוח משמעות לפי קבוצת הרכיב
src/bonsai/bonsai/bim/module/georeference,6,6,מלאי מבני; ניתוח משמעות לפי קבוצת הרכיב
src/bonsai/bonsai/bim/module/gis,4,4,מלאי מבני; ניתוח משמעות לפי קבוצת הרכיב
src/bonsai/bonsai/bim/module/group,5,5,מלאי מבני; ניתוח משמעות לפי קבוצת הרכיב
src/bonsai/bonsai/bim/module/ifcgit,5,5,מלאי מבני; ניתוח משמעות לפי קבוצת הרכיב
src/bonsai/bonsai/bim/module/layer,5,5,מלאי מבני; ניתוח משמעות לפי קבוצת הרכיב
src/bonsai/bonsai/bim/module/library,5,5,מלאי מבני; ניתוח משמעות לפי קבוצת הרכיב
src/bonsai/bonsai/bim/module/light,11,11,מלאי מבני; ניתוח משמעות לפי קבוצת הרכיב
src/bonsai/bonsai/bim/module/light/HDRs,3,3,מלאי מבני; ניתוח משמעות לפי קבוצת הרכיב
src/bonsai/bonsai/bim/module/material,5,5,מלאי מבני; ניתוח משמעות לפי קבוצת הרכיב
src/bonsai/bonsai/bim/module/misc,4,5,מלאי מבני; ניתוח משמעות לפי קבוצת הרכיב
src/bonsai/bonsai/bim/module/model,50,54,מלאי מבני; ניתוח משמעות לפי קבוצת הרכיב
src/bonsai/bonsai/bim/module/nest,6,6,מלאי מבני; ניתוח משמעות לפי קבוצת הרכיב
src/bonsai/bonsai/bim/module/owner,5,5,מלאי מבני; ניתוח משמעות לפי קבוצת הרכיב
src/bonsai/bonsai/bim/module/patch,4,4,מלאי מבני; ניתוח משמעות לפי קבוצת הרכיב
src/bonsai/bonsai/bim/module/profile,5,5,מלאי מבני; ניתוח משמעות לפי קבוצת הרכיב
src/bonsai/bonsai/bim/module/project,9,9,מלאי מבני; ניתוח משמעות לפי קבוצת הרכיב
src/bonsai/bonsai/bim/module/pset,6,6,מלאי מבני; ניתוח משמעות לפי קבוצת הרכיב
src/bonsai/bonsai/bim/module/pset_template,5,5,מלאי מבני; ניתוח משמעות לפי קבוצת הרכיב
src/bonsai/bonsai/bim/module/qto,7,7,מלאי מבני; ניתוח משמעות לפי קבוצת הרכיב
src/bonsai/bonsai/bim/module/resource,5,5,מלאי מבני; ניתוח משמעות לפי קבוצת הרכיב
src/bonsai/bonsai/bim/module/root,5,5,מלאי מבני; ניתוח משמעות לפי קבוצת הרכיב
src/bonsai/bonsai/bim/module/search,5,5,מלאי מבני; ניתוח משמעות לפי קבוצת הרכיב
src/bonsai/bonsai/bim/module/sequence,8,8,מלאי מבני; ניתוח משמעות לפי קבוצת הרכיב
src/bonsai/bonsai/bim/module/sequence/gantt,2,2,מלאי מבני; ניתוח משמעות לפי קבוצת הרכיב
src/bonsai/bonsai/bim/module/spatial,8,8,מלאי מבני; ניתוח משמעות לפי קבוצת הרכיב
src/bonsai/bonsai/bim/module/structural,10,10,מלאי מבני; ניתוח משמעות לפי קבוצת הרכיב
src/bonsai/bonsai/bim/module/style,5,5,מלאי מבני; ניתוח משמעות לפי קבוצת הרכיב
src/bonsai/bonsai/bim/module/system,6,6,מלאי מבני; ניתוח משמעות לפי קבוצת הרכיב
src/bonsai/bonsai/bim/module/tester,5,5,מלאי מבני; ניתוח משמעות לפי קבוצת הרכיב
src/bonsai/bonsai/bim/module/type,5,5,מלאי מבני; ניתוח משמעות לפי קבוצת הרכיב
src/bonsai/bonsai/bim/module/unit,5,5,מלאי מבני; ניתוח משמעות לפי קבוצת הרכיב
src/bonsai/bonsai/bim/module/void,5,5,מלאי מבני; ניתוח משמעות לפי קבוצת הרכיב
src/bonsai/bonsai/bim/module/web,5,5,מלאי מבני; ניתוח משמעות לפי קבוצת הרכיב
src/bonsai/bonsai/core,38,39,מלאי מבני; ניתוח משמעות לפי קבוצת הרכיב
src/bonsai/bonsai/libs,11,11,מלאי מבני; ניתוח משמעות לפי קבוצת הרכיב
src/bonsai/bonsai/libs/bin,1,1,מלאי מבני; ניתוח משמעות לפי קבוצת הרכיב
src/bonsai/bonsai/libs/desktop,10,10,מלאי מבני; ניתוח משמעות לפי קבוצת הרכיב
src/bonsai/bonsai/libs/desktop/mac,2,2,מלאי מבני; ניתוח משמעות לפי קבוצת הרכיב
src/bonsai/bonsai/tool,55,64,מלאי מבני; ניתוח משמעות לפי קבוצת הרכיב
src/bonsai/bonsai/wheels,1,1,מלאי מבני; ניתוח משמעות לפי קבוצת הרכיב
src/bonsai/docs,319,320,מלאי מבני; ניתוח משמעות לפי קבוצת הרכיב
src/bonsai/docs/_static,1,1,מלאי מבני; ניתוח משמעות לפי קבוצת הרכיב
src/bonsai/docs/_templates,1,1,מלאי מבני; ניתוח משמעות לפי קבוצת הרכיב
src/bonsai/docs/_templates/sidebar,1,1,מלאי מבני; ניתוח משמעות לפי קבוצת הרכיב
src/bonsai/docs/guides,176,177,מלאי מבני; ניתוח משמעות לפי קבוצת הרכיב
src/bonsai/docs/guides/authoring,33,33,מלאי מבני; ניתוח משמעות לפי קבוצת הרכיב
src/bonsai/docs/guides/authoring/advanced_modeling,13,13,מלאי מבני; ניתוח משמעות לפי קבוצת הרכיב
src/bonsai/docs/guides/authoring/advanced_modeling/images,9,9,מלאי מבני; ניתוח משמעות לפי קבוצת הרכיב
src/bonsai/docs/guides/authoring/basic_modeling,7,7,מלאי מבני; ניתוח משמעות לפי קבוצת הרכיב
src/bonsai/docs/guides/authoring/images,4,4,מלאי מבני; ניתוח משמעות לפי קבוצת הרכיב
src/bonsai/docs/guides/authoring/understanding_ifc,5,5,מלאי מבני; ניתוח משמעות לפי קבוצת הרכיב
src/bonsai/docs/guides/coordination,1,1,מלאי מבני; ניתוח משמעות לפי קבוצת הרכיב
src/bonsai/docs/guides/costing_and_scheduling,1,1,מלאי מבני; ניתוח משמעות לפי קבוצת הרכיב
src/bonsai/docs/guides/development,128,129,מלאי מבני; ניתוח משמעות לפי קבוצת הרכיב
src/bonsai/docs/guides/development/ide,103,103,מלאי מבני; ניתוח משמעות לפי קבוצת הרכיב
src/bonsai/docs/guides/development/ide/images,92,92,מלאי מבני; ניתוח משמעות לפי קבוצת הרכיב
src/bonsai/docs/guides/development/ide/linux,3,3,מלאי מבני; ניתוח משמעות לפי קבוצת הרכיב
src/bonsai/docs/guides/development/ide/windows,3,3,מלאי מבני; ניתוח משמעות לפי קבוצת הרכיב
src/bonsai/docs/guides/development/images,14,14,מלאי מבני; ניתוח משמעות לפי קבוצת הרכיב
src/bonsai/docs/guides/drawings,1,1,מלאי מבני; ניתוח משמעות לפי קבוצת הרכיב
src/bonsai/docs/guides/facility_management,1,1,מלאי מבני; ניתוח משמעות לפי קבוצת הרכיב
src/bonsai/docs/guides/images,3,3,מלאי מבני; ניתוח משמעות לפי קבוצת הרכיב
src/bonsai/docs/guides/services,1,1,מלאי מבני; ניתוח משמעות לפי קבוצת הרכיב
src/bonsai/docs/guides/structural_analysis,1,1,מלאי מבני; ניתוח משמעות לפי קבוצת הרכיב
src/bonsai/docs/guides/viewing,4,4,מלאי מבני; ניתוח משמעות לפי קבוצת הרכיב
src/bonsai/docs/guides/viewing/images,2,2,מלאי מבני; ניתוח משמעות לפי קבוצת הרכיב
src/bonsai/docs/images,9,9,מלאי מבני; ניתוח משמעות לפי קבוצת הרכיב
src/bonsai/docs/quickstart,41,41,מלאי מבני; ניתוח משמעות לפי קבוצת הרכיב
src/bonsai/docs/quickstart/images,36,36,מלאי מבני; ניתוח משמעות לפי קבוצת הרכיב
src/bonsai/docs/reference,73,73,מלאי מבני; ניתוח משמעות לפי קבוצת הרכיב
src/bonsai/docs/reference/costing_and_scheduling,2,2,מלאי מבני; ניתוח משמעות לפי קבוצת הרכיב
src/bonsai/docs/reference/costing_and_scheduling/images,1,1,מלאי מבני; ניתוח משמעות לפי קבוצת הרכיב
src/bonsai/docs/reference/drawings_and_documents,2,2,מלאי מבני; ניתוח משמעות לפי קבוצת הרכיב
src/bonsai/docs/reference/drawings_and_documents/images,1,1,מלאי מבני; ניתוח משמעות לפי קבוצת הרכיב
src/bonsai/docs/reference/facility_management,2,2,מלאי מבני; ניתוח משמעות לפי קבוצת הרכיב
src/bonsai/docs/reference/facility_management/images,1,1,מלאי מבני; ניתוח משמעות לפי קבוצת הרכיב
src/bonsai/docs/reference/general,20,20,מלאי מבני; ניתוח משמעות לפי קבוצת הרכיב
src/bonsai/docs/reference/general/images,9,9,מלאי מבני; ניתוח משמעות לפי קבוצת הרכיב
src/bonsai/docs/reference/geometry_and_materials,8,8,מלאי מבני; ניתוח משמעות לפי קבוצת הרכיב
src/bonsai/docs/reference/geometry_and_materials/images,7,7,מלאי מבני; ניתוח משמעות לפי קבוצת הרכיב
src/bonsai/docs/reference/images,2,2,מלאי מבני; ניתוח משמעות לפי קבוצת הרכיב
src/bonsai/docs/reference/object_information,2,2,מלאי מבני; ניתוח משמעות לפי קבוצת הרכיב
src/bonsai/docs/reference/object_information/images,1,1,מלאי מבני; ניתוח משמעות לפי קבוצת הרכיב
src/bonsai/docs/reference/project_overview,9,9,מלאי מבני; ניתוח משמעות לפי קבוצת הרכיב
src/bonsai/docs/reference/project_overview/images,7,7,מלאי מבני; ניתוח משמעות לפי קבוצת הרכיב
src/bonsai/docs/reference/quality_and_coordination,2,2,מלאי מבני; ניתוח משמעות לפי קבוצת הרכיב
src/bonsai/docs/reference/quality_and_coordination/images,1,1,מלאי מבני; ניתוח משמעות לפי קבוצת הרכיב
src/bonsai/docs/reference/services_and_systems,2,2,מלאי מבני; ניתוח משמעות לפי קבוצת הרכיב
src/bonsai/docs/reference/services_and_systems/images,1,1,מלאי מבני; ניתוח משמעות לפי קבוצת הרכיב
src/bonsai/docs/reference/structural_analysis,2,2,מלאי מבני; ניתוח משמעות לפי קבוצת הרכיב
src/bonsai/docs/reference/structural_analysis/images,1,1,מלאי מבני; ניתוח משמעות לפי קבוצת הרכיב
src/bonsai/docs/reference/toolbar,20,20,מלאי מבני; ניתוח משמעות לפי קבוצת הרכיב
src/bonsai/docs/reference/toolbar/images,6,6,מלאי מבני; ניתוח משמעות לפי קבוצת הרכיב
src/bonsai/docs/tutorials,12,12,מלאי מבני; ניתוח משמעות לפי קבוצת הרכיב
src/bonsai/docs/tutorials/files,2,2,מלאי מבני; ניתוח משמעות לפי קבוצת הרכיב
src/bonsai/docs/tutorials/images,3,3,מלאי מבני; ניתוח משמעות לפי קבוצת הרכיב
src/bonsai/scripts,76,78,מלאי מבני; ניתוח משמעות לפי קבוצת הרכיב
src/bonsai/scripts/classifications,37,37,מלאי מבני; ניתוח משמעות לפי קבוצת הרכיב
src/bonsai/scripts/classifications/xml,33,33,מלאי מבני; ניתוח משמעות לפי קבוצת הרכיב
src/bonsai/test,136,245,מלאי מבני; ניתוח משמעות לפי קבוצת הרכיב
src/bonsai/test/bim,47,131,מלאי מבני; ניתוח משמעות לפי קבוצת הרכיב
src/bonsai/test/bim/feature,39,40,מלאי מבני; ניתוח משמעות לפי קבוצת הרכיב
src/bonsai/test/bim/module,3,77,מלאי מבני; ניתוח משמעות לפי קבוצת הרכיב
src/bonsai/test/bim/module/clash,0,2,מלאי מבני; ניתוח משמעות לפי קבוצת הרכיב
src/bonsai/test/bim/module/clip_box,0,7,מלאי מבני; ניתוח משמעות לפי קבוצת הרכיב
src/bonsai/test/bim/module/drawing,2,4,מלאי מבני; ניתוח משמעות לפי קבוצת הרכיב
src/bonsai/test/bim/module/geometry,0,2,מלאי מבני; ניתוח משמעות לפי קבוצת הרכיב
src/bonsai/test/bim/module/model,0,50,מלאי מבני; ניתוח משמעות לפי קבוצת הרכיב
src/bonsai/test/bim/module/patch,0,4,מלאי מבני; ניתוח משמעות לפי קבוצת הרכיב
src/bonsai/test/bim/module/project,0,4,מלאי מבני; ניתוח משמעות לפי קבוצת הרכיב
src/bonsai/test/bim/module/type,0,3,מלאי מבני; ניתוח משמעות לפי קבוצת הרכיב
src/bonsai/test/core,28,31,מלאי מבני; ניתוח משמעות לפי קבוצת הרכיב
src/bonsai/test/files,25,36,מלאי מבני; ניתוח משמעות לפי קבוצת הרכיב
src/bonsai/test/modal,0,1,מלאי מבני; ניתוח משמעות לפי קבוצת הרכיב
src/bonsai/test/tool,35,44,מלאי מבני; ניתוח משמעות לפי קבוצת הרכיב
src/bonsaiviewer,0,137,מלאי מבני; ניתוח משמעות לפי קבוצת הרכיב
src/bonsaiviewer-autodesk,0,24,מלאי מבני; ניתוח משמעות לפי קבוצת הרכיב
src/bonsaiviewer-autodesk/packaging,0,1,מלאי מבני; ניתוח משמעות לפי קבוצת הרכיב
src/bonsaiviewer-autodesk/src,0,17,מלאי מבני; ניתוח משמעות לפי קבוצת הרכיב
src/bonsaiviewer-autodesk/src/aps,0,4,מלאי מבני; ניתוח משמעות לפי קבוצת הרכיב
src/bonsaiviewer-autodesk/src/ui,0,5,מלאי מבני; ניתוח משמעות לפי קבוצת הרכיב
src/bonsaiviewer-autodesk/tests,0,2,מלאי מבני; ניתוח משמעות לפי קבוצת הרכיב
src/bonsaiviewer/components,0,16,מלאי מבני; ניתוח משמעות לפי קבוצת הרכיב
src/bonsaiviewer/docs,0,14,מלאי מבני; ניתוח משמעות לפי קבוצת הרכיב
src/bonsaiviewer/docs/_static,0,1,מלאי מבני; ניתוח משמעות לפי קבוצת הרכיב
src/bonsaiviewer/docs/connectors,0,4,מלאי מבני; ניתוח משמעות לפי קבוצת הרכיב
src/bonsaiviewer/icons,0,45,מלאי מבני; ניתוח משמעות לפי קבוצת הרכיב
src/bonsaiviewer/modules,0,49,מלאי מבני; ניתוח משמעות לפי קבוצת הרכיב
src/bonsaiviewer/modules/connectors,0,8,מלאי מבני; ניתוח משמעות לפי קבוצת הרכיב
src/bonsaiviewer/modules/models,0,15,מלאי מבני; ניתוח משמעות לפי קבוצת הרכיב
src/bonsaiviewer/modules/project,0,6,מלאי מבני; ניתוח משמעות לפי קבוצת הרכיב
src/bonsaiviewer/modules/properties,0,5,מלאי מבני; ניתוח משמעות לפי קבוצת הרכיב
src/bonsaiviewer/modules/settings,0,2,מלאי מבני; ניתוח משמעות לפי קבוצת הרכיב
src/bonsaiviewer/modules/spatial_hierarchy,0,5,מלאי מבני; ניתוח משמעות לפי קבוצת הרכיב
src/bonsaiviewer/modules/todo,0,2,מלאי מבני; ניתוח משמעות לפי קבוצת הרכיב
src/bonsaiviewer/modules/viewport,0,6,מלאי מבני; ניתוח משמעות לפי קבוצת הרכיב
src/bsdd,11,11,מלאי מבני; ניתוח משמעות לפי קבוצת הרכיב
src/bsdd/tests,1,1,מלאי מבני; ניתוח משמעות לפי קבוצת הרכיב
src/examples,15,7,מלאי מבני; ניתוח משמעות לפי קבוצת הרכיב
src/exterior-shell-extractor,5,5,מלאי מבני; ניתוח משמעות לפי קבוצת הרכיב
src/helpers,0,16,מלאי מבני; ניתוח משמעות לפי קבוצת הרכיב
src/ifc2ca,25,25,מלאי מבני; ניתוח משמעות לפי קבוצת הרכיב
src/ifc2ca/_deprecated,3,3,מלאי מבני; ניתוח משמעות לפי קבוצת הרכיב
src/ifc2ca/templates,12,12,מלאי מבני; ניתוח משמעות לפי קבוצת הרכיב
src/ifc2ca/templates/codeaster,11,11,מלאי מבני; ניתוח משמעות לפי קבוצת הרכיב
src/ifc2ca/templates/salome,1,1,מלאי מבני; ניתוח משמעות לפי קבוצת הרכיב
src/ifc4d,23,23,מלאי מבני; ניתוח משמעות לפי קבוצת הרכיב
src/ifc4d/ifc4d,16,16,מלאי מבני; ניתוח משמעות לפי קבוצת הרכיב
src/ifc5d,22,31,מלאי מבני; ניתוח משמעות לפי קבוצת הרכיב
src/ifc5d/ifc5d,10,10,מלאי מבני; ניתוח משמעות לפי קבוצת הרכיב
src/ifc5d/test,2,3,מלאי מבני; ניתוח משמעות לפי קבוצת הרכיב
src/ifcbimtester,78,78,מלאי מבני; ניתוח משמעות לפי קבוצת הרכיב
src/ifcbimtester/bimtester,41,41,מלאי מבני; ניתוח משמעות לפי קבוצת הרכיב
src/ifcbimtester/bimtester/features,24,24,מלאי מבני; ניתוח משמעות לפי קבוצת הרכיב
src/ifcbimtester/bimtester/features/steps,21,21,מלאי מבני; ניתוח משמעות לפי קבוצת הרכיב
src/ifcbimtester/bimtester/features/steps/aggregation,1,1,מלאי מבני; ניתוח משמעות לפי קבוצת הרכיב
src/ifcbimtester/bimtester/features/steps/application,1,1,מלאי מבני; ניתוח משמעות לפי קבוצת הרכיב
src/ifcbimtester/bimtester/features/steps/attributes_eleclasses,2,2,מלאי מבני; ניתוח משמעות לפי קבוצת הרכיב
src/ifcbimtester/bimtester/features/steps/attributes_psets,2,2,מלאי מבני; ניתוח משמעות לפי קבוצת הרכיב
src/ifcbimtester/bimtester/features/steps/attributes_qsets,1,1,מלאי מבני; ניתוח משמעות לפי קבוצת הרכיב
src/ifcbimtester/bimtester/features/steps/classification,1,1,מלאי מבני; ניתוח משמעות לפי קבוצת הרכיב
src/ifcbimtester/bimtester/features/steps/element_classes,1,1,מלאי מבני; ניתוח משמעות לפי קבוצת הרכיב
src/ifcbimtester/bimtester/features/steps/geocoding,1,1,מלאי מבני; ניתוח משמעות לפי קבוצת הרכיב
src/ifcbimtester/bimtester/features/steps/geolocation,1,1,מלאי מבני; ניתוח משמעות לפי קבוצת הרכיב
src/ifcbimtester/bimtester/features/steps/geometric_detail,2,2,מלאי מבני; ניתוח משמעות לפי קבוצת הרכיב
src/ifcbimtester/bimtester/features/steps/model_federation,1,1,מלאי מבני; ניתוח משמעות לפי קבוצת הרכיב
src/ifcbimtester/bimtester/features/steps/project_setup,5,5,מלאי מבני; ניתוח משמעות לפי קבוצת הרכיב
src/ifcbimtester/bimtester/features/steps/spatial_structure,1,1,מלאי מבני; ניתוח משמעות לפי קבוצת הרכיב
src/ifcbimtester/bimtester/locale,6,6,מלאי מבני; ניתוח משמעות לפי קבוצת הרכיב
src/ifcbimtester/bimtester/locale/de,1,1,מלאי מבני; ניתוח משמעות לפי קבוצת הרכיב
src/ifcbimtester/bimtester/locale/de/LC_MESSAGES,1,1,מלאי מבני; ניתוח משמעות לפי קבוצת הרכיב
src/ifcbimtester/bimtester/locale/en,1,1,מלאי מבני; ניתוח משמעות לפי קבוצת הרכיב
src/ifcbimtester/bimtester/locale/en/LC_MESSAGES,1,1,מלאי מבני; ניתוח משמעות לפי קבוצת הרכיב
src/ifcbimtester/bimtester/locale/fr,1,1,מלאי מבני; ניתוח משמעות לפי קבוצת הרכיב
src/ifcbimtester/bimtester/locale/fr/LC_MESSAGES,1,1,מלאי מבני; ניתוח משמעות לפי קבוצת הרכיב
src/ifcbimtester/bimtester/locale/it,1,1,מלאי מבני; ניתוח משמעות לפי קבוצת הרכיב
src/ifcbimtester/bimtester/locale/it/LC_MESSAGES,1,1,מלאי מבני; ניתוח משמעות לפי קבוצת הרכיב
src/ifcbimtester/bimtester/locale/nl,1,1,מלאי מבני; ניתוח משמעות לפי קבוצת הרכיב
src/ifcbimtester/bimtester/locale/nl/LC_MESSAGES,1,1,מלאי מבני; ניתוח משמעות לפי קבוצת הרכיב
src/ifcbimtester/bimtester/resources,2,2,מלאי מבני; ניתוח משמעות לפי קבוצת הרכיב
src/ifcbimtester/bimtester/resources/icons,1,1,מלאי מבני; ניתוח משמעות לפי קבוצת הרכיב
src/ifcbimtester/bimtester/resources/reports,1,1,מלאי מבני; ניתוח משמעות לפי קבוצת הרכיב
src/ifcbimtester/examples,9,9,מלאי מבני; ניתוח משמעות לפי קבוצת הרכיב
src/ifcbimtester/examples/01_ifcschema_translated,7,7,מלאי מבני; ניתוח משמעות לפי קבוצת הרכיב
src/ifcbimtester/examples/01_ifcschema_translated/features,5,5,מלאי מבני; ניתוח משמעות לפי קבוצת הרכיב
src/ifcbimtester/examples/steps,2,2,מלאי מבני; ניתוח משמעות לפי קבוצת הרכיב
src/ifcbimtester/patch,3,3,מלאי מבני; ניתוח משמעות לפי קבוצת הרכיב
src/ifcbimtester/webapp,16,16,מלאי מבני; ניתוח משמעות לפי קבוצת הרכיב
src/ifcbimtester/webapp/images,10,10,מלאי מבני; ניתוח משמעות לפי קבוצת הרכיב
src/ifcblender,3,3,מלאי מבני; ניתוח משמעות לפי קבוצת הרכיב
src/ifcblender/io_import_scene_ifc,1,1,מלאי מבני; ניתוח משמעות לפי קבוצת הרכיב
src/ifcchat,0,9,מלאי מבני; ניתוח משמעות לפי קבוצת הרכיב
src/ifccityjson,13,13,מלאי מבני; ניתוח משמעות לפי קבוצת הרכיב
src/ifccityjson/example,1,1,מלאי מבני; ניתוח משמעות לפי קבוצת הרכיב
src/ifccityjson/ifccityjson,5,5,מלאי מבני; ניתוח משמעות לפי קבוצת הרכיב
src/ifccityjson/ifccityjson/cityjson2ifc,3,3,מלאי מבני; ניתוח משמעות לפי קבוצת הרכיב
src/ifcclash,11,11,מלאי מבני; ניתוח משמעות לפי קבוצת הרכיב
src/ifcclash/ifcclash,3,3,מלאי מבני; ניתוח משמעות לפי קבוצת הרכיב
src/ifcconvert,8,8,מלאי מבני; ניתוח משמעות לפי קבוצת הרכיב
src/ifccsv,8,8,מלאי מבני; ניתוח משמעות לפי קבוצת הרכיב
src/ifcdiff,9,9,מלאי מבני; ניתוח משמעות לפי קבוצת הרכיב
src/ifcedit,0,18,מלאי מבני; ניתוח משמעות לפי קבוצת הרכיב
src/ifcedit/ifcedit,0,7,מלאי מבני; ניתוח משמעות לפי קבוצת הרכיב
src/ifcedit/tests,0,8,מלאי מבני; ניתוח משמעות לפי קבוצת הרכיב
src/ifcfm,11,11,מלאי מבני; ניתוח משמעות לפי קבוצת הרכיב
src/ifcfm/ifcfm,5,5,מלאי מבני; ניתוח משמעות לפי קבוצת הרכיב
src/ifcfuzz,0,4,מלאי מבני; ניתוח משמעות לפי קבוצת הרכיב
src/ifcgeom,169,206,מלאי מבני; ניתוח משמעות לפי קבוצת הרכיב
src/ifcgeom/Serialization,4,0,מלאי מבני; ניתוח משמעות לפי קבוצת הרכיב
src/ifcgeom/Serialization/schema,1,0,מלאי מבני; ניתוח משמעות לפי קבוצת הרכיב
src/ifcgeom/kernels,40,54,מלאי מבני; ניתוח משמעות לפי קבוצת הרכיב
src/ifcgeom/kernels/cgal,5,6,מלאי מבני; ניתוח משמעות לפי קבוצת הרכיב
src/ifcgeom/kernels/manifold,0,5,מלאי מבני; ניתוח משמעות לפי קבוצת הרכיב
src/ifcgeom/kernels/opencascade,33,36,מלאי מבני; ניתוח משמעות לפי קבוצת הרכיב
src/ifcgeom/kernels/passthrough,0,5,מלאי מבני; ניתוח משמעות לפי קבוצת הרכיב
src/ifcgeom/mapping,91,95,מלאי מבני; ניתוח משמעות לפי קבוצת הרכיב
src/ifcgeom/serialization,0,9,מלאי מבני; ניתוח משמעות לפי קבוצת הרכיב
src/ifcgeom/serialization/schema,0,3,מלאי מבני; ניתוח משמעות לפי קבוצת הרכיב
src/ifcgeom/tests,0,2,מלאי מבני; ניתוח משמעות לפי קבוצת הרכיב
src/ifcgeomserver,3,3,מלאי מבני; ניתוח משמעות לפי קבוצת הרכיב
src/ifcjni,3,0,מלאי מבני; ניתוח משמעות לפי קבוצת הרכיב
src/ifcmax,4,4,מלאי מבני; ניתוח משמעות לפי קבוצת הרכיב
src/ifcmcp,0,15,מלאי מבני; ניתוח משמעות לפי קבוצת הרכיב
src/ifcmcp/ifcmcp,0,5,מלאי מבני; ניתוח משמעות לפי קבוצת הרכיב
src/ifcmcp/tests,0,7,מלאי מבני; ניתוח משמעות לפי קבוצת הרכיב
src/ifcopenshell-python,1125,1179,מלאי מבני; ניתוח משמעות לפי קבוצת הרכיב
src/ifcopenshell-python/docs,85,95,מלאי מבני; ניתוח משמעות לפי קבוצת הרכיב
src/ifcopenshell-python/docs/_autoapi_templates,2,2,מלאי מבני; ניתוח משמעות לפי קבוצת הרכיב
src/ifcopenshell-python/docs/_autoapi_templates/python,1,1,מלאי מבני; ניתוח משמעות לפי קבוצת הרכיב
src/ifcopenshell-python/docs/_static,1,1,מלאי מבני; ניתוח משמעות לפי קבוצת הרכיב
src/ifcopenshell-python/docs/ifcconvert,2,2,מלאי מבני; ניתוח משמעות לפי קבוצת הרכיב
src/ifcopenshell-python/docs/ifcopenshell,13,15,מלאי מבני; ניתוח משמעות לפי קבוצת הרכיב
src/ifcopenshell-python/docs/ifcopenshell-python,29,30,מלאי מבני; ניתוח משמעות לפי קבוצת הרכיב
src/ifcopenshell-python/docs/ifcopenshell-python/images,16,16,מלאי מבני; ניתוח משמעות לפי קבוצת הרכיב
src/ifcopenshell-python/docs/ifcopenshell/images,7,7,מלאי מבני; ניתוח משמעות לפי קבוצת הרכיב
src/ifcopenshell-python/docs/ifcsverchok,1,1,מלאי מבני; ניתוח משמעות לפי קבוצת הרכיב
src/ifcopenshell-python/docs/ifcviewer,0,2,מלאי מבני; ניתוח משמעות לפי קבוצת הרכיב
src/ifcopenshell-python/docs/introduction,9,9,מלאי מבני; ניתוח משמעות לפי קבוצת הרכיב
src/ifcopenshell-python/docs/introduction/images,6,6,מלאי מבני; ניתוח משמעות לפי קבוצת הרכיב
src/ifcopenshell-python/ifcopenshell,531,538,מלאי מבני; ניתוח משמעות לפי קבוצת הרכיב
src/ifcopenshell-python/ifcopenshell/api,402,420,מלאי מבני; ניתוח משמעות לפי קבוצת הרכיב
src/ifcopenshell-python/ifcopenshell/api/aggregate,3,3,מלאי מבני; ניתוח משמעות לפי קבוצת הרכיב
src/ifcopenshell-python/ifcopenshell/api/alignment,49,61,מלאי מבני; ניתוח משמעות לפי קבוצת הרכיב
src/ifcopenshell-python/ifcopenshell/api/attribute,2,2,מלאי מבני; ניתוח משמעות לפי קבוצת הרכיב
src/ifcopenshell-python/ifcopenshell/api/boundary,5,5,מלאי מבני; ניתוח משמעות לפי קבוצת הרכיב
src/ifcopenshell-python/ifcopenshell/api/classification,7,7,מלאי מבני; ניתוח משמעות לפי קבוצת הרכיב
src/ifcopenshell-python/ifcopenshell/api/cogo,5,5,מלאי מבני; ניתוח משמעות לפי קבוצת הרכיב
src/ifcopenshell-python/ifcopenshell/api/constraint,10,10,מלאי מבני; ניתוח משמעות לפי קבוצת הרכיב
src/ifcopenshell-python/ifcopenshell/api/context,4,4,מלאי מבני; ניתוח משמעות לפי קבוצת הרכיב
src/ifcopenshell-python/ifcopenshell/api/control,3,3,מלאי מבני; ניתוח משמעות לפי קבוצת הרכיב
src/ifcopenshell-python/ifcopenshell/api/cost,21,21,מלאי מבני; ניתוח משמעות לפי קבוצת הרכיב
src/ifcopenshell-python/ifcopenshell/api/document,9,9,מלאי מבני; ניתוח משמעות לפי קבוצת הרכיב
src/ifcopenshell-python/ifcopenshell/api/drawing,4,4,מלאי מבני; ניתוח משמעות לפי קבוצת הרכיב
src/ifcopenshell-python/ifcopenshell/api/feature,5,5,מלאי מבני; ניתוח משמעות לפי קבוצת הרכיב
src/ifcopenshell-python/ifcopenshell/api/geometry,27,31,מלאי מבני; ניתוח משמעות לפי קבוצת הרכיב
src/ifcopenshell-python/ifcopenshell/api/georeference,6,6,מלאי מבני; ניתוח משמעות לפי קבוצת הרכיב
src/ifcopenshell-python/ifcopenshell/api/grid,4,4,מלאי מבני; ניתוח משמעות לפי קבוצת הרכיב
src/ifcopenshell-python/ifcopenshell/api/group,7,7,מלאי מבני; ניתוח משמעות לפי קבוצת הרכיב
src/ifcopenshell-python/ifcopenshell/api/layer,7,7,מלאי מבני; ניתוח משמעות לפי קבוצת הרכיב
src/ifcopenshell-python/ifcopenshell/api/library,9,9,מלאי מבני; ניתוח משמעות לפי קבוצת הרכיב
src/ifcopenshell-python/ifcopenshell/api/material,26,26,מלאי מבני; ניתוח משמעות לפי קבוצת הרכיב
src/ifcopenshell-python/ifcopenshell/api/nest,5,5,מלאי מבני; ניתוח משמעות לפי קבוצת הרכיב
src/ifcopenshell-python/ifcopenshell/api/owner,26,26,מלאי מבני; ניתוח משמעות לפי קבוצת הרכיב
src/ifcopenshell-python/ifcopenshell/api/profile,7,7,מלאי מבני; ניתוח משמעות לפי קבוצת הרכיב
src/ifcopenshell-python/ifcopenshell/api/project,5,5,מלאי מבני; ניתוח משמעות לפי קבוצת הרכיב
src/ifcopenshell-python/ifcopenshell/api/pset,9,9,מלאי מבני; ניתוח משמעות לפי קבוצת הרכיב
src/ifcopenshell-python/ifcopenshell/api/pset_template,7,7,מלאי מבני; ניתוח משמעות לפי קבוצת הרכיב
src/ifcopenshell-python/ifcopenshell/api/resource,13,13,מלאי מבני; ניתוח משמעות לפי קבוצת הרכיב
src/ifcopenshell-python/ifcopenshell/api/root,5,5,מלאי מבני; ניתוח משמעות לפי קבוצת הרכיב
src/ifcopenshell-python/ifcopenshell/api/sequence,41,41,מלאי מבני; ניתוח משמעות לפי קבוצת הרכיב
src/ifcopenshell-python/ifcopenshell/api/spatial,5,5,מלאי מבני; ניתוח משמעות לפי קבוצת הרכיב
src/ifcopenshell-python/ifcopenshell/api/structural,22,24,מלאי מבני; ניתוח משמעות לפי קבוצת הרכיב
src/ifcopenshell-python/ifcopenshell/api/style,14,14,מלאי מבני; ניתוח משמעות לפי קבוצת הרכיב
src/ifcopenshell-python/ifcopenshell/api/system,13,13,מלאי מבני; ניתוח משמעות לפי קבוצת הרכיב
src/ifcopenshell-python/ifcopenshell/api/type,4,4,מלאי מבני; ניתוח משמעות לפי קבוצת הרכיב
src/ifcopenshell-python/ifcopenshell/api/unit,12,12,מלאי מבני; ניתוח משמעות לפי קבוצת הרכיב
src/ifcopenshell-python/ifcopenshell/express,54,43,מלאי מבני; ניתוח משמעות לפי קבוצת הרכיב
src/ifcopenshell-python/ifcopenshell/express/rules,13,13,מלאי מבני; ניתוח משמעות לפי קבוצת הרכיב
src/ifcopenshell-python/ifcopenshell/express/txt,15,6,מלאי מבני; ניתוח משמעות לפי קבוצת הרכיב
src/ifcopenshell-python/ifcopenshell/geom,6,6,מלאי מבני; ניתוח משמעות לפי קבוצת הרכיב
src/ifcopenshell-python/ifcopenshell/util,54,55,מלאי מבני; ניתוח משמעות לפי קבוצת הרכיב
src/ifcopenshell-python/ifcopenshell/util/schema,15,15,מלאי מבני; ניתוח משמעות לפי קבוצת הרכיב
src/ifcopenshell-python/ifcopenshell/util/scripts,1,2,מלאי מבני; ניתוח משמעות לפי קבוצת הרכיב
src/ifcopenshell-python/scripts,1,3,מלאי מבני; ניתוח משמעות לפי קבוצת הרכיב
src/ifcopenshell-python/test,503,537,מלאי מבני; ניתוח משמעות לפי קבוצת הרכיב
src/ifcopenshell-python/test/api,240,262,מלאי מבני; ניתוח משמעות לפי קבוצת הרכיב
src/ifcopenshell-python/test/api/aggregate,3,3,מלאי מבני; ניתוח משמעות לפי קבוצת הרכיב
src/ifcopenshell-python/test/api/alignment,24,29,מלאי מבני; ניתוח משמעות לפי קבוצת הרכיב
src/ifcopenshell-python/test/api/boundary,3,4,מלאי מבני; ניתוח משמעות לפי קבוצת הרכיב
src/ifcopenshell-python/test/api/classification,5,5,מלאי מבני; ניתוח משמעות לפי קבוצת הרכיב
src/ifcopenshell-python/test/api/cogo,4,4,מלאי מבני; ניתוח משמעות לפי קבוצת הרכיב
src/ifcopenshell-python/test/api/constraint,2,2,מלאי מבני; ניתוח משמעות לפי קבוצת הרכיב
src/ifcopenshell-python/test/api/context,4,4,מלאי מבני; ניתוח משמעות לפי קבוצת הרכיב
src/ifcopenshell-python/test/api/control,3,3,מלאי מבני; ניתוח משמעות לפי קבוצת הרכיב
src/ifcopenshell-python/test/api/cost,7,8,מלאי מבני; ניתוח משמעות לפי קבוצת הרכיב
src/ifcopenshell-python/test/api/document,7,7,מלאי מבני; ניתוח משמעות לפי קבוצת הרכיב
src/ifcopenshell-python/test/api/drawing,4,4,מלאי מבני; ניתוח משמעות לפי קבוצת הרכיב
src/ifcopenshell-python/test/api/feature,4,4,מלאי מבני; ניתוח משמעות לפי קבוצת הרכיב
src/ifcopenshell-python/test/api/geometry,14,19,מלאי מבני; ניתוח משמעות לפי קבוצת הרכיב
src/ifcopenshell-python/test/api/georeference,6,6,מלאי מבני; ניתוח משמעות לפי קבוצת הרכיב
src/ifcopenshell-python/test/api/grid,2,3,מלאי מבני; ניתוח משמעות לפי קבוצת הרכיב
src/ifcopenshell-python/test/api/group,6,6,מלאי מבני; ניתוח משמעות לפי קבוצת הרכיב
src/ifcopenshell-python/test/api/layer,5,5,מלאי מבני; ניתוח משמעות לפי קבוצת הרכיב
src/ifcopenshell-python/test/api/library,9,9,מלאי מבני; ניתוח משמעות לפי קבוצת הרכיב
src/ifcopenshell-python/test/api/material,8,8,מלאי מבני; ניתוח משמעות לפי קבוצת הרכיב
src/ifcopenshell-python/test/api/nest,3,3,מלאי מבני; ניתוח משמעות לפי קבוצת הרכיב
src/ifcopenshell-python/test/api/owner,24,24,מלאי מבני; ניתוח משמעות לפי קבוצת הרכיב
src/ifcopenshell-python/test/api/profile,3,3,מלאי מבני; ניתוח משמעות לפי קבוצת הרכיב
src/ifcopenshell-python/test/api/project,5,5,מלאי מבני; ניתוח משמעות לפי קבוצת הרכיב
src/ifcopenshell-python/test/api/pset,9,9,מלאי מבני; ניתוח משמעות לפי קבוצת הרכיב
src/ifcopenshell-python/test/api/pset_template,2,4,מלאי מבני; ניתוח משמעות לפי קבוצת הרכיב
src/ifcopenshell-python/test/api/resource,4,6,מלאי מבני; ניתוח משמעות לפי קבוצת הרכיב
src/ifcopenshell-python/test/api/root,5,5,מלאי מבני; ניתוח משמעות לפי קבוצת הרכיב
src/ifcopenshell-python/test/api/sequence,15,18,מלאי מבני; ניתוח משמעות לפי קבוצת הרכיב
src/ifcopenshell-python/test/api/spatial,5,5,מלאי מבני; ניתוח משמעות לפי קבוצת הרכיב
src/ifcopenshell-python/test/api/structural,6,8,מלאי מבני; ניתוח משמעות לפי קבוצת הרכיב
src/ifcopenshell-python/test/api/style,10,10,מלאי מבני; ניתוח משמעות לפי קבוצת הרכיב
src/ifcopenshell-python/test/api/system,12,12,מלאי מבני; ניתוח משמעות לפי קבוצת הרכיב
src/ifcopenshell-python/test/api/type,4,4,מלאי מבני; ניתוח משמעות לפי קבוצת הרכיב
src/ifcopenshell-python/test/api/unit,11,11,מלאי מבני; ניתוח משמעות לפי קבוצת הרכיב
src/ifcopenshell-python/test/files,1,1,מלאי מבני; ניתוח משמעות לפי קבוצת הרכיב
src/ifcopenshell-python/test/fixtures,214,220,מלאי מבני; ניתוח משמעות לפי קבוצת הרכיב
src/ifcopenshell-python/test/fixtures/geom,4,4,מלאי מבני; ניתוח משמעות לפי קבוצת הרכיב
src/ifcopenshell-python/test/fixtures/mvd_parsing,6,6,מלאי מבני; ניתוח משמעות לפי קבוצת הרכיב
src/ifcopenshell-python/test/fixtures/rules,160,166,מלאי מבני; ניתוח משמעות לפי קבוצת הרכיב
src/ifcopenshell-python/test/fixtures/units,2,2,מלאי מבני; ניתוח משמעות לפי קבוצת הרכיב
src/ifcopenshell-python/test/fixtures/validate,39,39,מלאי מבני; ניתוח משמעות לפי קבוצת הרכיב
src/ifcopenshell-python/test/geom,6,6,מלאי מבני; ניתוח משמעות לפי קבוצת הרכיב
src/ifcopenshell-python/test/util,19,20,מלאי מבני; ניתוח משמעות לפי קבוצת הרכיב
src/ifcopenshell-python/test/util/scripts,1,1,מלאי מבני; ניתוח משמעות לפי קבוצת הרכיב
src/ifcparse,99,99,מלאי מבני; ניתוח משמעות לפי קבוצת הרכיב
src/ifcparse/schemas,0,51,מלאי מבני; ניתוח משמעות לפי קבוצת הרכיב
src/ifcparse/tests,0,2,מלאי מבני; ניתוח משמעות לפי קבוצת הרכיב
src/ifcpatch,65,68,מלאי מבני; ניתוח משמעות לפי קבוצת הרכיב
src/ifcpatch/ifcpatch,41,41,מלאי מבני; ניתוח משמעות לפי קבוצת הרכיב
src/ifcpatch/ifcpatch/recipes,39,39,מלאי מבני; ניתוח משמעות לפי קבוצת הרכיב
src/ifcpatch/test,16,19,מלאי מבני; ניתוח משמעות לפי קבוצת הרכיב
src/ifcpatch/test/files,1,1,מלאי מבני; ניתוח משמעות לפי קבוצת הרכיב
src/ifcquery,0,36,מלאי מבני; ניתוח משמעות לפי קבוצת הרכיב
src/ifcquery/ifcquery,0,16,מלאי מבני; ניתוח משמעות לפי קבוצת הרכיב
src/ifcquery/tests,0,17,מלאי מבני; ניתוח משמעות לפי קבוצת הרכיב
src/ifcsverchok,46,54,מלאי מבני; ניתוח משמעות לפי קבוצת הרכיב
src/ifcsverchok/assets,11,11,מלאי מבני; ניתוח משמעות לפי קבוצת הרכיב
src/ifcsverchok/example_files,2,2,מלאי מבני; ניתוח משמעות לפי קבוצת הרכיב
src/ifcsverchok/nodes,26,33,מלאי מבני; ניתוח משמעות לפי קבוצת הרכיב
src/ifcsverchok/nodes/ifc,25,32,מלאי מבני; ניתוח משמעות לפי קבוצת הרכיב
src/ifcsverchok/nodes/ifc/shape_builder,0,7,מלאי מבני; ניתוח משמעות לפי קבוצת הרכיב
src/ifctester,106,110,מלאי מבני; ניתוח משמעות לפי קבוצת הרכיב
src/ifctester/ifctester,7,7,מלאי מבני; ניתוח משמעות לפי קבוצת הרכיב
src/ifctester/ifctester/templates,1,1,מלאי מבני; ניתוח משמעות לפי קבוצת הרכיב
src/ifctester/test,3,3,מלאי מבני; ניתוח משמעות לפי קבוצת הרכיב
src/ifctester/webapp,92,96,מלאי מבני; ניתוח משמעות לפי קבוצת הרכיב
src/ifctester/webapp/public,7,6,מלאי מבני; ניתוח משמעות לפי קבוצת הרכיב
src/ifctester/webapp/public/fonts,2,2,מלאי מבני; ניתוח משמעות לפי קבוצת הרכיב
src/ifctester/webapp/public/fonts/dmsans,2,2,מלאי מבני; ניתוח משמעות לפי קבוצת הרכיב
src/ifctester/webapp/public/images,1,1,מלאי מבני; ניתוח משמעות לפי קבוצת הרכיב
src/ifctester/webapp/public/worker,3,2,מלאי מבני; ניתוח משמעות לפי קבוצת הרכיב
src/ifctester/webapp/public/worker/bin,2,1,מלאי מבני; ניתוח משמעות לפי קבוצת הרכיב
src/ifctester/webapp/src,74,78,מלאי מבני; ניתוח משמעות לפי קבוצת הרכיב
src/ifctester/webapp/src/components,6,6,מלאי מבני; ניתוח משמעות לפי קבוצת הרכיב
src/ifctester/webapp/src/css,2,2,מלאי מבני; ניתוח משמעות לפי קבוצת הרכיב
src/ifctester/webapp/src/lib,43,43,מלאי מבני; ניתוח משמעות לפי קבוצת הרכיב
src/ifctester/webapp/src/lib/components,42,42,מלאי מבני; ניתוח משמעות לפי קבוצת הרכיב
src/ifctester/webapp/src/lib/components/ui,42,42,מלאי מבני; ניתוח משמעות לפי קבוצת הרכיב
src/ifctester/webapp/src/lib/components/ui/dialog,9,9,מלאי מבני; ניתוח משמעות לפי קבוצת הרכיב
src/ifctester/webapp/src/lib/components/ui/dropdown-menu,14,14,מלאי מבני; ניתוח משמעות לפי קבוצת הרכיב
src/ifctester/webapp/src/lib/components/ui/menubar,14,14,מלאי מבני; ניתוח משמעות לפי קבוצת הרכיב
src/ifctester/webapp/src/lib/components/ui/sonner,2,2,מלאי מבני; ניתוח משמעות לפי קבוצת הרכיב
src/ifctester/webapp/src/lib/components/ui/tooltip,3,3,מלאי מבני; ניתוח משמעות לפי קבוצת הרכיב
src/ifctester/webapp/src/modules,8,8,מלאי מבני; ניתוח משמעות לפי קבוצת הרכיב
src/ifctester/webapp/src/modules/api,3,3,מלאי מבני; ניתוח משמעות לפי קבוצת הרכיב
src/ifctester/webapp/src/modules/utils,1,1,מלאי מבני; ניתוח משמעות לפי קבוצת הרכיב
src/ifctester/webapp/src/modules/wasm,4,4,מלאי מבני; ניתוח משמעות לפי קבוצת הרכיב
src/ifctester/webapp/src/modules/wasm/worker,3,3,מלאי מבני; ניתוח משמעות לפי קבוצת הרכיב
src/ifctester/webapp/src/pages,10,10,מלאי מבני; ניתוח משמעות לפי קבוצת הרכיב
src/ifctester/webapp/src/pages/Home,8,8,מלאי מבני; ניתוח משמעות לפי קבוצת הרכיב
src/ifctester/webapp/src/pages/NotFound,1,1,מלאי מבני; ניתוח משמעות לפי קבוצת הרכיב
src/ifctester/webapp/src/types,0,3,מלאי מבני; ניתוח משמעות לפי קבוצת הרכיב
src/ifcviewer,0,83,מלאי מבני; ניתוח משמעות לפי קבוצת הרכיב
src/ifcviewer-minimal,0,2,מלאי מבני; ניתוח משמעות לפי קבוצת הרכיב
src/ifcviewer-web,0,33,מלאי מבני; ניתוח משמעות לפי קבוצת הרכיב
src/ifcviewer-web/tests,0,15,מלאי מבני; ניתוח משמעות לפי קבוצת הרכיב
src/ifcviewer-web/web,0,5,מלאי מבני; ניתוח משמעות לפי קבוצת הרכיב
src/ifcviewer/tests,0,15,מלאי מבני; ניתוח משמעות לפי קבוצת הרכיב
src/ifcwrap,8,8,מלאי מבני; ניתוח משמעות לפי קבוצת הרכיב
src/ifcwrap/utils,3,3,מלאי מבני; ניתוח משמעות לפי קבוצת הרכיב
src/opencdeserver,54,54,מלאי מבני; ניתוח משמעות לפי קבוצת הרכיב
src/opencdeserver/api,46,46,מלאי מבני; ניתוח משמעות לפי קבוצת הרכיב
src/opencdeserver/api/app,44,44,מלאי מבני; ניתוח משמעות לפי קבוצת הרכיב
src/opencdeserver/api/app/api,6,6,מלאי מבני; ניתוח משמעות לפי קבוצת הרכיב
src/opencdeserver/api/app/data,7,7,מלאי מבני; ניתוח משמעות לפי קבוצת הרכיב
src/opencdeserver/api/app/data/bitmaps,1,1,מלאי מבני; ניתוח משמעות לפי קבוצת הרכיב
src/opencdeserver/api/app/data/document_parts,1,1,מלאי מבני; ניתוח משמעות לפי קבוצת הרכיב
src/opencdeserver/api/app/data/documents,3,3,מלאי מבני; ניתוח משמעות לפי קבוצת הרכיב
src/opencdeserver/api/app/data/models,1,1,מלאי מבני; ניתוח משמעות לפי קבוצת הרכיב
src/opencdeserver/api/app/data/snapshots,1,1,מלאי מבני; ניתוח משמעות לפי קבוצת הרכיב
src/opencdeserver/api/app/database,2,2,מלאי מבני; ניתוח משמעות לפי קבוצת הרכיב
src/opencdeserver/api/app/db_config,3,3,מלאי מבני; ניתוח משמעות לפי קבוצת הרכיב
src/opencdeserver/api/app/ifcgraph,1,1,מלאי מבני; ניתוח משמעות לפי קבוצת הרכיב
src/opencdeserver/api/app/ifcopenshell,1,1,מלאי מבני; ניתוח משמעות לפי קבוצת הרכיב
src/opencdeserver/api/app/models,13,13,מלאי מבני; ניתוח משמעות לפי קבוצת הרכיב
src/opencdeserver/api/app/repository,3,3,מלאי מבני; ניתוח משמעות לפי קבוצת הרכיב
src/opencdeserver/api/app/security,2,2,מלאי מבני; ניתוח משמעות לפי קבוצת הרכיב
src/opencdeserver/api/app/templates,4,4,מלאי מבני; ניתוח משמעות לפי קבוצת הרכיב
src/opencdeserver/neo4j,3,3,מלאי מבני; ניתוח משמעות לפי קבוצת הרכיב
src/opencdeserver/neo4j/conf,1,1,מלאי מבני; ניתוח משמעות לפי קבוצת הרכיב
src/opencdeserver/neo4j/plugins,2,2,מלאי מבני; ניתוח משמעות לפי קבוצת הרכיב
src/plugin,0,4,מלאי מבני; ניתוח משמעות לפי קבוצת הרכיב
src/pyodide,13,13,מלאי מבני; ניתוח משמעות לפי קבוצת הרכיב
src/pyodide/demo-app,13,13,מלאי מבני; ניתוח משמעות לפי קבוצת הרכיב
src/pyodide/demo-app/tests,2,2,מלאי מבני; ניתוח משמעות לפי קבוצת הרכיב
src/qtviewer,47,0,מלאי מבני; ניתוח משמעות לפי קבוצת הרכיב
src/qtviewer/resources,37,0,מלאי מבני; ניתוח משמעות לפי קבוצת הרכיב
src/qtviewer/resources/ifcosLogo.iconset,30,0,מלאי מבני; ניתוח משמעות לפי קבוצת הרכיב
src/serializers,34,45,מלאי מבני; ניתוח משמעות לפי קבוצת הרכיב
src/serializers/schema_dependent,5,7,מלאי מבני; ניתוח משמעות לפי קבוצת הרכיב
src/svgfill,0,15,מלאי מבני; ניתוח משמעות לפי קבוצת הרכיב
src/svgfill/3rdparty,0,2,מלאי מבני; ניתוח משמעות לפי קבוצת הרכיב
src/svgfill/examples,0,2,מלאי מבני; ניתוח משמעות לפי קבוצת הרכיב
src/svgfill/src,0,9,מלאי מבני; ניתוח משמעות לפי קבוצת הרכיב
src/wrappergen,0,13,מלאי מבני; ניתוח משמעות לפי קבוצת הרכיב
src/wrappergen/examples,0,1,מלאי מבני; ניתוח משמעות לפי קבוצת הרכיב
src/wrappergen/generated,0,4,מלאי מבני; ניתוח משמעות לפי קבוצת הרכיב
test,4,4,מלאי מבני; ניתוח משמעות לפי קבוצת הרכיב
win,44,49,מלאי מבני; ניתוח משמעות לפי קבוצת הרכיב
win/patches,27,30,מלאי מבני; ניתוח משמעות לפי קבוצת הרכיב
win/utils,3,2,מלאי מבני; ניתוח משמעות לפי קבוצת הרכיב
